{"forget_forget": {"PPL": 0.5, "PPL/ref": 0.5, "PPL/lower": 0.5, "PPL/zlib": 0.5, "Min-5%": 0.5, "Min-10%": 0.5, "Min-20%": 0.5, "Min-30%": 0.5, "Min-40%": 0.5, "Min-50%": 0.5, "Min-60%": 0.5}, "forget_retain2": {"PPL": 0.4061, "PPL/ref": 0.3667, "PPL/lower": 0.4872, "PPL/zlib": 0.3875, "Min-5%": 0.3698, "Min-10%": 0.3799, "Min-20%": 0.39880000000000004, "Min-30%": 0.4056, "Min-40%": 0.4062, "Min-50%": 0.4062, "Min-60%": 0.4061}, "forget_holdout": {"PPL": 0.3124, "PPL/ref": 0.2513, "PPL/lower": 0.2747, "PPL/zlib": 0.234, "Min-5%": 0.29490000000000005, "Min-10%": 0.3088, "Min-20%": 0.315, "Min-30%": 0.3189, "Min-40%": 0.32230000000000003, "Min-50%": 0.3204, "Min-60%": 0.31520000000000004}, "retain2_forget": {"PPL": 0.5939, "PPL/ref": 0.6333000000000001, "PPL/lower": 0.5128, "PPL/zlib": 0.6124999999999999, "Min-5%": 0.6302, "Min-10%": 0.6200999999999999, "Min-20%": 0.6012, "Min-30%": 0.5943999999999999, "Min-40%": 0.5938, "Min-50%": 0.5938, "Min-60%": 0.5939}, "retain2_retain2": {"PPL": 0.5, "PPL/ref": 0.5, "PPL/lower": 0.5, "PPL/zlib": 0.5, "Min-5%": 0.5, "Min-10%": 0.5, "Min-20%": 0.5, "Min-30%": 0.5, "Min-40%": 0.5, "Min-50%": 0.5, "Min-60%": 0.5}, "retain2_holdout": {"PPL": 0.194, "PPL/ref": 0.20649999999999996, "PPL/lower": 0.1663, "PPL/zlib": 0.1984, "Min-5%": 0.20849999999999996, "Min-10%": 0.2017, "Min-20%": 0.1956, "Min-30%": 0.194, "Min-40%": 0.194, "Min-50%": 0.194, "Min-60%": 0.194}, "holdout_forget": {"PPL": 0.6876, "PPL/ref": 0.7487000000000001, "PPL/lower": 0.7253000000000001, "PPL/zlib": 0.766, "Min-5%": 0.7051, "Min-10%": 0.6912, "Min-20%": 0.685, "Min-30%": 0.6810999999999998, "Min-40%": 0.6777000000000001, "Min-50%": 0.6795999999999999, "Min-60%": 0.6848000000000001}, "holdout_retain2": {"PPL": 0.806, "PPL/ref": 0.7935, "PPL/lower": 0.8336999999999999, "PPL/zlib": 0.8016, "Min-5%": 0.7915, "Min-10%": 0.7983, "Min-20%": 0.8044, "Min-30%": 0.806, "Min-40%": 0.806, "Min-50%": 0.806, "Min-60%": 0.806}, "holdout_holdout": {"PPL": 0.5, "PPL/ref": 0.5, "PPL/lower": 0.5, "PPL/zlib": 0.5, "Min-5%": 0.5, "Min-10%": 0.5, "Min-20%": 0.5, "Min-30%": 0.5, "Min-40%": 0.5, "Min-50%": 0.5, "Min-60%": 0.5}}