{"max_rougeL": 0.3561643835616438, "mean_rougeL": 0.16950388798350072, "max_rougeL_recall": 0.33766233766233766, "mean_rougeL_recall": 0.15926909921991164, "max_rouge1": 0.4222222222222222, "mean_rouge1": 0.2342850462818493, "max_rouge1_recall": 0.4044943820224719, "mean_rouge1_recall": 0.2198864463764085, "model": "../baselines/ckpt/hp/npo_klr/checkpoint-417", "max_new_tokens": 128}