{"max_rougeL": 1.0, "mean_rougeL": 0.48721896524528097, "max_rougeL_recall": 1.0, "mean_rougeL_recall": 0.5618333333333334, "max_rouge1": 1.0, "mean_rouge1": 0.48782502585134163, "max_rouge1_recall": 1.0, "mean_rouge1_recall": 0.5638333333333333, "model": "../baselines/ckpt/bbc/ga_gdr/checkpoint-306", "max_new_tokens": 32, "mean_rougeL_retrain": 0.33112620712620716}