{"forget_forget": {"PPL": 0.5, "PPL/ref": 0.5, "PPL/lower": 0.5, "PPL/zlib": 0.5, "Min-5%": 0.5, "Min-10%": 0.5, "Min-20%": 0.5, "Min-30%": 0.5, "Min-40%": 0.5, "Min-50%": 0.5, "Min-60%": 0.5}, "forget_retain2": {"PPL": 0.38239999999999996, "PPL/ref": 0.38280000000000003, "PPL/lower": 0.3945, "PPL/zlib": 0.38460000000000005, "Min-5%": 0.3871, "Min-10%": 0.386, "Min-20%": 0.3836, "Min-30%": 0.38230000000000003, "Min-40%": 0.38150000000000006, "Min-50%": 0.38189999999999996, "Min-60%": 0.3824}, "forget_holdout": {"PPL": 0.0010000000000000009, "PPL/ref": 0.0, "PPL/lower": 0.004700000000000004, "PPL/zlib": 0.00020000000000000017, "Min-5%": 0.0009000000000000008, "Min-10%": 0.0008000000000000006, "Min-20%": 0.0007000000000000006, "Min-30%": 0.0009000000000000008, "Min-40%": 0.0009000000000000008, "Min-50%": 0.0010000000000000009, "Min-60%": 0.0010000000000000009}, "retain2_forget": {"PPL": 0.6175999999999999, "PPL/ref": 0.6172, "PPL/lower": 0.6055, "PPL/zlib": 0.6154, "Min-5%": 0.6129, "Min-10%": 0.614, "Min-20%": 0.6164000000000001, "Min-30%": 0.6177, "Min-40%": 0.6185, "Min-50%": 0.6181, "Min-60%": 0.6175999999999999}, "retain2_retain2": {"PPL": 0.5, "PPL/ref": 0.5, "PPL/lower": 0.5, "PPL/zlib": 0.5, "Min-5%": 0.5, "Min-10%": 0.5, "Min-20%": 0.5, "Min-30%": 0.5, "Min-40%": 0.5, "Min-50%": 0.5, "Min-60%": 0.5}, "retain2_holdout": {"PPL": 0.008900000000000003, "PPL/ref": 0.0, "PPL/lower": 0.017700000000000007, "PPL/zlib": 0.003400000000000001, "Min-5%": 0.011300000000000008, "Min-10%": 0.0066000000000000026, "Min-20%": 0.005, "Min-30%": 0.0053, "Min-40%": 0.006100000000000001, "Min-50%": 0.007300000000000001, "Min-60%": 0.0082}, "holdout_forget": {"PPL": 0.999, "PPL/ref": 1.0, "PPL/lower": 0.9953000000000001, "PPL/zlib": 0.9998, "Min-5%": 0.9991, "Min-10%": 0.9992, "Min-20%": 0.9993, "Min-30%": 0.9991, "Min-40%": 0.9991, "Min-50%": 0.999, "Min-60%": 0.999}, "holdout_retain2": {"PPL": 0.9911000000000001, "PPL/ref": 1.0, "PPL/lower": 0.9823000000000001, "PPL/zlib": 0.9965999999999999, "Min-5%": 0.9886999999999999, "Min-10%": 0.9934000000000001, "Min-20%": 0.995, "Min-30%": 0.9947, "Min-40%": 0.9939, "Min-50%": 0.9927, "Min-60%": 0.9918}, "holdout_holdout": {"PPL": 0.5, "PPL/ref": 0.5, "PPL/lower": 0.5, "PPL/zlib": 0.5, "Min-5%": 0.5, "Min-10%": 0.5, "Min-20%": 0.5, "Min-30%": 0.5, "Min-40%": 0.5, "Min-50%": 0.5, "Min-60%": 0.5}}