{"forget_forget": {"PPL": 0.5, "PPL/ref": 0.5, "PPL/lower": 0.5, "PPL/zlib": 0.5, "Min-5%": 0.5, "Min-10%": 0.5, "Min-20%": 0.5, "Min-30%": 0.5, "Min-40%": 0.5, "Min-50%": 0.5, "Min-60%": 0.5}, "forget_retain2": {"PPL": 1.0, "PPL/ref": 1.0, "PPL/lower": 1.0, "PPL/zlib": 1.0, "Min-5%": 1.0, "Min-10%": 1.0, "Min-20%": 1.0, "Min-30%": 1.0, "Min-40%": 1.0, "Min-50%": 1.0, "Min-60%": 1.0}, "forget_holdout": {"PPL": 0.4746, "PPL/ref": 0.3403, "PPL/lower": 0.39570000000000005, "PPL/zlib": 0.27730000000000005, "Min-5%": 0.5325000000000001, "Min-10%": 0.5424000000000001, "Min-20%": 0.5582, "Min-30%": 0.557, "Min-40%": 0.5392999999999999, "Min-50%": 0.5167, "Min-60%": 0.48410000000000003}, "retain2_forget": {"PPL": 0.0, "PPL/ref": 0.0, "PPL/lower": 0.0, "PPL/zlib": 0.0, "Min-5%": 0.0, "Min-10%": 0.0, "Min-20%": 0.0, "Min-30%": 0.0, "Min-40%": 0.0, "Min-50%": 0.0, "Min-60%": 0.0}, "retain2_retain2": {"PPL": 0.5, "PPL/ref": 0.5, "PPL/lower": 0.5, "PPL/zlib": 0.5, "Min-5%": 0.5, "Min-10%": 0.5, "Min-20%": 0.5, "Min-30%": 0.5, "Min-40%": 0.5, "Min-50%": 0.5, "Min-60%": 0.5}, "retain2_holdout": {"PPL": 0.0, "PPL/ref": 0.0, "PPL/lower": 0.0, "PPL/zlib": 0.0, "Min-5%": 0.0, "Min-10%": 0.0, "Min-20%": 0.0, "Min-30%": 0.0, "Min-40%": 0.0, "Min-50%": 0.0, "Min-60%": 0.0}, "holdout_forget": {"PPL": 0.5254, "PPL/ref": 0.6597000000000001, "PPL/lower": 0.6043000000000001, "PPL/zlib": 0.7227, "Min-5%": 0.46749999999999997, "Min-10%": 0.45759999999999995, "Min-20%": 0.44179999999999997, "Min-30%": 0.443, "Min-40%": 0.4607, "Min-50%": 0.4833, "Min-60%": 0.5159}, "holdout_retain2": {"PPL": 1.0, "PPL/ref": 1.0, "PPL/lower": 1.0, "PPL/zlib": 1.0, "Min-5%": 1.0, "Min-10%": 1.0, "Min-20%": 1.0, "Min-30%": 1.0, "Min-40%": 1.0, "Min-50%": 1.0, "Min-60%": 1.0}, "holdout_holdout": {"PPL": 0.5, "PPL/ref": 0.5, "PPL/lower": 0.5, "PPL/zlib": 0.5, "Min-5%": 0.5, "Min-10%": 0.5, "Min-20%": 0.5, "Min-30%": 0.5, "Min-40%": 0.5, "Min-50%": 0.5, "Min-60%": 0.5}}