{"max_rougeL": 0.1111111111111111, "mean_rougeL": 0.048913307100711484, "max_rougeL_recall": 0.13636363636363635, "mean_rougeL_recall": 0.06128080412274814, "max_rouge1": 0.1111111111111111, "mean_rouge1": 0.048913307100711484, "max_rouge1_recall": 0.13636363636363635, "mean_rouge1_recall": 0.06128080412274814, "model": "../baselines/ckpt/bbc/ga_gdr/checkpoint-714", "max_new_tokens": 128}