{"max_rougeL": 0.3292682926829268, "mean_rougeL": 0.011634282616526046, "max_rougeL_recall": 0.3176470588235294, "mean_rougeL_recall": 0.010475506633895768, "max_rouge1": 0.5487804878048781, "mean_rouge1": 0.018448543495251914, "max_rouge1_recall": 0.5294117647058824, "mean_rouge1_recall": 0.016929866306722108, "model": "../baselines/ckpt/bbc/npo_gdr/checkpoint-1020", "max_new_tokens": 128}