{"forget_forget": {"PPL": 0.5, "PPL/ref": 0.5, "PPL/lower": 0.5, "PPL/zlib": 0.5, "Min-5%": 0.5, "Min-10%": 0.5, "Min-20%": 0.5, "Min-30%": 0.5, "Min-40%": 0.5, "Min-50%": 0.5, "Min-60%": 0.5}, "forget_retain2": {"PPL": 0.4041, "PPL/ref": 0.36540000000000006, "PPL/lower": 0.4864, "PPL/zlib": 0.38420000000000004, "Min-5%": 0.37520000000000003, "Min-10%": 0.385, "Min-20%": 0.40070000000000006, "Min-30%": 0.404, "Min-40%": 0.4041, "Min-50%": 0.4041, "Min-60%": 0.4041}, "forget_holdout": {"PPL": 0.28890000000000005, "PPL/ref": 0.2313, "PPL/lower": 0.2696, "PPL/zlib": 0.22060000000000002, "Min-5%": 0.2893, "Min-10%": 0.2994, "Min-20%": 0.3018, "Min-30%": 0.30390000000000006, "Min-40%": 0.3048, "Min-50%": 0.3009, "Min-60%": 0.29130000000000006}, "retain2_forget": {"PPL": 0.5959, "PPL/ref": 0.6346, "PPL/lower": 0.5136000000000001, "PPL/zlib": 0.6157999999999999, "Min-5%": 0.6248, "Min-10%": 0.615, "Min-20%": 0.5992999999999999, "Min-30%": 0.596, "Min-40%": 0.5959, "Min-50%": 0.5959, "Min-60%": 0.5959}, "retain2_retain2": {"PPL": 0.5, "PPL/ref": 0.5, "PPL/lower": 0.5, "PPL/zlib": 0.5, "Min-5%": 0.5, "Min-10%": 0.5, "Min-20%": 0.5, "Min-30%": 0.5, "Min-40%": 0.5, "Min-50%": 0.5, "Min-60%": 0.5}, "retain2_holdout": {"PPL": 0.19140000000000001, "PPL/ref": 0.2022, "PPL/lower": 0.1637, "PPL/zlib": 0.19770000000000001, "Min-5%": 0.1972, "Min-10%": 0.19619999999999999, "Min-20%": 0.1932, "Min-30%": 0.1915, "Min-40%": 0.19140000000000001, "Min-50%": 0.19140000000000001, "Min-60%": 0.19140000000000001}, "holdout_forget": {"PPL": 0.7111000000000001, "PPL/ref": 0.7686999999999999, "PPL/lower": 0.7303999999999999, "PPL/zlib": 0.7794000000000001, "Min-5%": 0.7107, "Min-10%": 0.7006, "Min-20%": 0.6981999999999998, "Min-30%": 0.6961, "Min-40%": 0.6952, "Min-50%": 0.6991, "Min-60%": 0.7087}, "holdout_retain2": {"PPL": 0.8086, "PPL/ref": 0.7978000000000001, "PPL/lower": 0.8363, "PPL/zlib": 0.8023, "Min-5%": 0.8028000000000001, "Min-10%": 0.8038000000000001, "Min-20%": 0.8068000000000001, "Min-30%": 0.8085, "Min-40%": 0.8086, "Min-50%": 0.8086, "Min-60%": 0.8086}, "holdout_holdout": {"PPL": 0.5, "PPL/ref": 0.5, "PPL/lower": 0.5, "PPL/zlib": 0.5, "Min-5%": 0.5, "Min-10%": 0.5, "Min-20%": 0.5, "Min-30%": 0.5, "Min-40%": 0.5, "Min-50%": 0.5, "Min-60%": 0.5}}