{"max_rougeL": 1.0, "mean_rougeL": 0.3799025986605003, "max_rougeL_recall": 1.0, "mean_rougeL_recall": 0.4337551566080979, "max_rouge1": 1.0, "mean_rouge1": 0.3808549796128813, "max_rouge1_recall": 1.0, "mean_rouge1_recall": 0.4357551566080978, "model": "../baselines/ckpt/hp/ga_klr/checkpoint-278", "max_new_tokens": 32, "mean_rougeL_retrain": 0.2889637830910209}