{"forget_forget": {"PPL": 0.5, "PPL/ref": 0.5, "PPL/lower": 0.5, "PPL/zlib": 0.5, "Min-5%": 0.5, "Min-10%": 0.5, "Min-20%": 0.5, "Min-30%": 0.5, "Min-40%": 0.5, "Min-50%": 0.5, "Min-60%": 0.5}, "forget_retain2": {"PPL": 1.0, "PPL/ref": 0.9995999999999999, "PPL/lower": 0.9851000000000001, "PPL/zlib": 1.0, "Min-5%": 0.9998, "Min-10%": 1.0, "Min-20%": 1.0, "Min-30%": 1.0, "Min-40%": 1.0, "Min-50%": 1.0, "Min-60%": 1.0}, "forget_holdout": {"PPL": 0.9976999999999999, "PPL/ref": 0.9944999999999999, "PPL/lower": 0.9102, "PPL/zlib": 0.999, "Min-5%": 1.0, "Min-10%": 1.0, "Min-20%": 1.0, "Min-30%": 1.0, "Min-40%": 1.0, "Min-50%": 0.9999, "Min-60%": 0.9991}, "retain2_forget": {"PPL": 0.0, "PPL/ref": 0.00040000000000000034, "PPL/lower": 0.014900000000000002, "PPL/zlib": 0.0, "Min-5%": 0.00020000000000000017, "Min-10%": 0.0, "Min-20%": 0.0, "Min-30%": 0.0, "Min-40%": 0.0, "Min-50%": 0.0, "Min-60%": 0.0}, "retain2_retain2": {"PPL": 0.5, "PPL/ref": 0.5, "PPL/lower": 0.5, "PPL/zlib": 0.5, "Min-5%": 0.5, "Min-10%": 0.5, "Min-20%": 0.5, "Min-30%": 0.5, "Min-40%": 0.5, "Min-50%": 0.5, "Min-60%": 0.5}, "retain2_holdout": {"PPL": 0.1605, "PPL/ref": 0.1024, "PPL/lower": 0.1541, "PPL/zlib": 0.12450000000000001, "Min-5%": 0.7277, "Min-10%": 0.6182000000000001, "Min-20%": 0.45840000000000003, "Min-30%": 0.3372, "Min-40%": 0.2518, "Min-50%": 0.2024, "Min-60%": 0.177}, "holdout_forget": {"PPL": 0.002300000000000001, "PPL/ref": 0.005500000000000002, "PPL/lower": 0.0898, "PPL/zlib": 0.0009999999999999998, "Min-5%": 0.0, "Min-10%": 0.0, "Min-20%": 0.0, "Min-30%": 0.0, "Min-40%": 0.0, "Min-50%": 0.00010000000000000009, "Min-60%": 0.0008999999999999998}, "holdout_retain2": {"PPL": 0.8394999999999999, "PPL/ref": 0.8976, "PPL/lower": 0.8459, "PPL/zlib": 0.8755000000000001, "Min-5%": 0.27230000000000004, "Min-10%": 0.38180000000000003, "Min-20%": 0.5416, "Min-30%": 0.6628000000000001, "Min-40%": 0.7482, "Min-50%": 0.7976000000000001, "Min-60%": 0.823}, "holdout_holdout": {"PPL": 0.5, "PPL/ref": 0.5, "PPL/lower": 0.5, "PPL/zlib": 0.5, "Min-5%": 0.5, "Min-10%": 0.5, "Min-20%": 0.5, "Min-30%": 0.5, "Min-40%": 0.5, "Min-50%": 0.5, "Min-60%": 0.5}}