{"max_rougeL": 1.0, "mean_rougeL": 0.4541732758673801, "max_rougeL_recall": 1.0, "mean_rougeL_recall": 0.5158453008979328, "max_rouge1": 1.0, "mean_rouge1": 0.4598170005637363, "max_rouge1_recall": 1.0, "mean_rouge1_recall": 0.522678634231266, "model": "../baselines/ckpt/bbc/npo_klr/checkpoint-1020", "max_new_tokens": 32}