{"forget_forget": {"PPL": 0.5, "PPL/ref": 0.5, "PPL/lower": 0.5, "PPL/zlib": 0.5, "Min-5%": 0.5, "Min-10%": 0.5, "Min-20%": 0.5, "Min-30%": 0.5, "Min-40%": 0.5, "Min-50%": 0.5, "Min-60%": 0.5}, "forget_retain2": {"PPL": 0.899, "PPL/ref": 0.8651, "PPL/lower": 0.46449999999999997, "PPL/zlib": 0.88, "Min-5%": 0.9656, "Min-10%": 0.9575, "Min-20%": 0.9413, "Min-30%": 0.9278, "Min-40%": 0.9144000000000001, "Min-50%": 0.9028, "Min-60%": 0.8993}, "forget_holdout": {"PPL": 0.8545, "PPL/ref": 0.8457000000000001, "PPL/lower": 0.8893, "PPL/zlib": 0.8051, "Min-5%": 0.6173, "Min-10%": 0.6297, "Min-20%": 0.694, "Min-30%": 0.7838, "Min-40%": 0.8442, "Min-50%": 0.8545, "Min-60%": 0.8543000000000001}, "retain2_forget": {"PPL": 0.101, "PPL/ref": 0.13490000000000002, "PPL/lower": 0.5355000000000001, "PPL/zlib": 0.12000000000000001, "Min-5%": 0.03440000000000001, "Min-10%": 0.04250000000000001, "Min-20%": 0.058699999999999995, "Min-30%": 0.0722, "Min-40%": 0.0856, "Min-50%": 0.09720000000000001, "Min-60%": 0.10070000000000001}, "retain2_retain2": {"PPL": 0.5, "PPL/ref": 0.5, "PPL/lower": 0.5, "PPL/zlib": 0.5, "Min-5%": 0.5, "Min-10%": 0.5, "Min-20%": 0.5, "Min-30%": 0.5, "Min-40%": 0.5, "Min-50%": 0.5, "Min-60%": 0.5}, "retain2_holdout": {"PPL": 0.3292, "PPL/ref": 0.3348, "PPL/lower": 0.8191999999999999, "PPL/zlib": 0.3002, "Min-5%": 0.1305, "Min-10%": 0.14340000000000003, "Min-20%": 0.16260000000000002, "Min-30%": 0.2212, "Min-40%": 0.3001, "Min-50%": 0.3265, "Min-60%": 0.3292}, "holdout_forget": {"PPL": 0.1455, "PPL/ref": 0.15430000000000002, "PPL/lower": 0.11070000000000002, "PPL/zlib": 0.1949, "Min-5%": 0.3827, "Min-10%": 0.37029999999999996, "Min-20%": 0.306, "Min-30%": 0.2162, "Min-40%": 0.15580000000000002, "Min-50%": 0.1455, "Min-60%": 0.1457}, "holdout_retain2": {"PPL": 0.6708000000000001, "PPL/ref": 0.6652, "PPL/lower": 0.18080000000000002, "PPL/zlib": 0.6998, "Min-5%": 0.8694999999999999, "Min-10%": 0.8565999999999999, "Min-20%": 0.8374, "Min-30%": 0.7787999999999999, "Min-40%": 0.6999000000000001, "Min-50%": 0.6735, "Min-60%": 0.6708000000000001}, "holdout_holdout": {"PPL": 0.5, "PPL/ref": 0.5, "PPL/lower": 0.5, "PPL/zlib": 0.5, "Min-5%": 0.5, "Min-10%": 0.5, "Min-20%": 0.5, "Min-30%": 0.5, "Min-40%": 0.5, "Min-50%": 0.5, "Min-60%": 0.5}}