{"max_rougeL": 1.0, "mean_rougeL": 0.48001298701298706, "max_rougeL_recall": 1.0, "mean_rougeL_recall": 0.5108333333333334, "max_rouge1": 1.0, "mean_rouge1": 0.48401298701298706, "max_rouge1_recall": 1.0, "mean_rouge1_recall": 0.5151190476190476, "model": "../baselines/ckpt/bbc/ga_klr/checkpoint-918", "max_new_tokens": 32, "mean_rougeL_retrain": 0.33112620712620716}