{"max_rougeL": 0.8926553672316384, "mean_rougeL": 0.27370971003353484, "max_rougeL_recall": 0.8061224489795918, "mean_rougeL_recall": 0.27191245988752305, "max_rouge1": 0.8926553672316384, "mean_rouge1": 0.37674672145306176, "max_rouge1_recall": 0.8061224489795918, "mean_rouge1_recall": 0.3760736148186441, "model": "../baselines/ckpt/bbc/ga_klr/checkpoint-1020", "max_new_tokens": 128}