{"forget_forget": {"PPL": 0.5, "PPL/ref": 0.5, "PPL/lower": 0.5, "PPL/zlib": 0.5, "Min-5%": 0.5, "Min-10%": 0.5, "Min-20%": 0.5, "Min-30%": 0.5, "Min-40%": 0.5, "Min-50%": 0.5, "Min-60%": 0.5}, "forget_retain2": {"PPL": 0.1838, "PPL/ref": 0.4757, "PPL/lower": 0.5912000000000002, "PPL/zlib": 0.5102, "Min-5%": 0.2389, "Min-10%": 0.1632, "Min-20%": 0.2147, "Min-30%": 0.1995, "Min-40%": 0.15940000000000004, "Min-50%": 0.11960000000000001, "Min-60%": 0.10970000000000002}, "forget_holdout": {"PPL": 0.5503, "PPL/ref": 0.5292000000000001, "PPL/lower": 0.4845, "PPL/zlib": 0.40009999999999996, "Min-5%": 0.4645000000000001, "Min-10%": 0.4014999999999999, "Min-20%": 0.3304, "Min-30%": 0.37539999999999996, "Min-40%": 0.4084, "Min-50%": 0.43900000000000006, "Min-60%": 0.4876000000000001}, "retain2_forget": {"PPL": 0.8162, "PPL/ref": 0.5243, "PPL/lower": 0.40879999999999994, "PPL/zlib": 0.4898, "Min-5%": 0.7611, "Min-10%": 0.8368, "Min-20%": 0.7853, "Min-30%": 0.8005, "Min-40%": 0.8406, "Min-50%": 0.8804000000000001, "Min-60%": 0.8903}, "retain2_retain2": {"PPL": 0.5, "PPL/ref": 0.5, "PPL/lower": 0.5, "PPL/zlib": 0.5, "Min-5%": 0.5, "Min-10%": 0.5, "Min-20%": 0.5, "Min-30%": 0.5, "Min-40%": 0.5, "Min-50%": 0.5, "Min-60%": 0.5}, "retain2_holdout": {"PPL": 0.7452000000000002, "PPL/ref": 0.5594, "PPL/lower": 0.3912, "PPL/zlib": 0.4333, "Min-5%": 0.7152999999999999, "Min-10%": 0.7707999999999999, "Min-20%": 0.6845, "Min-30%": 0.7168, "Min-40%": 0.7689999999999999, "Min-50%": 0.8138000000000001, "Min-60%": 0.8304}, "holdout_forget": {"PPL": 0.4497, "PPL/ref": 0.47080000000000005, "PPL/lower": 0.5155, "PPL/zlib": 0.5999, "Min-5%": 0.5355, "Min-10%": 0.5985, "Min-20%": 0.6696, "Min-30%": 0.6246, "Min-40%": 0.5916, "Min-50%": 0.561, "Min-60%": 0.5124}, "holdout_retain2": {"PPL": 0.25479999999999997, "PPL/ref": 0.4406, "PPL/lower": 0.6088, "PPL/zlib": 0.5667, "Min-5%": 0.2847, "Min-10%": 0.22920000000000001, "Min-20%": 0.3155, "Min-30%": 0.2832, "Min-40%": 0.231, "Min-50%": 0.1862, "Min-60%": 0.1696}, "holdout_holdout": {"PPL": 0.5, "PPL/ref": 0.5, "PPL/lower": 0.5, "PPL/zlib": 0.5, "Min-5%": 0.5, "Min-10%": 0.5, "Min-20%": 0.5, "Min-30%": 0.5, "Min-40%": 0.5, "Min-50%": 0.5, "Min-60%": 0.5}}