{"max_rougeL": 1.0, "mean_rougeL": 0.6329616217116212, "max_rougeL_recall": 1.0, "mean_rougeL_recall": 0.720797619047619, "max_rouge1": 1.0, "mean_rouge1": 0.6329616217116212, "max_rouge1_recall": 1.0, "mean_rouge1_recall": 0.720797619047619, "model": "../baselines/ckpt/bbc/npo_klr/checkpoint-102", "max_new_tokens": 32, "mean_rougeL_retrain": 0.33112620712620716}