{"max_rougeL": 1.0, "mean_rougeL": 0.25020973215800796, "max_rougeL_recall": 1.0, "mean_rougeL_recall": 0.2698097784568371, "max_rouge1": 1.0, "mean_rouge1": 0.2518595638078396, "max_rouge1_recall": 1.0, "mean_rouge1_recall": 0.2723980137509548, "model": "../baselines/ckpt/hp/npo_klr/checkpoint-417", "max_new_tokens": 32, "mean_rougeL_retrain": 0.2889637830910209}