{"forget_forget": {"PPL": 0.5, "PPL/ref": 0.5, "PPL/lower": 0.5, "PPL/zlib": 0.5, "Min-5%": 0.5, "Min-10%": 0.5, "Min-20%": 0.5, "Min-30%": 0.5, "Min-40%": 0.5, "Min-50%": 0.5, "Min-60%": 0.5}, "forget_retain2": {"PPL": 0.9682000000000001, "PPL/ref": 0.9875, "PPL/lower": 0.9266999999999999, "PPL/zlib": 0.9677999999999999, "Min-5%": 0.9686999999999999, "Min-10%": 0.9716, "Min-20%": 0.9705, "Min-30%": 0.9689, "Min-40%": 0.9689000000000001, "Min-50%": 0.9676000000000001, "Min-60%": 0.9683}, "forget_holdout": {"PPL": 0.4652, "PPL/ref": 0.27549999999999997, "PPL/lower": 0.3542, "PPL/zlib": 0.43279999999999996, "Min-5%": 0.5116, "Min-10%": 0.5021, "Min-20%": 0.49310000000000004, "Min-30%": 0.48399999999999993, "Min-40%": 0.47719999999999996, "Min-50%": 0.4711, "Min-60%": 0.4671}, "retain2_forget": {"PPL": 0.031800000000000016, "PPL/ref": 0.012500000000000011, "PPL/lower": 0.0733, "PPL/zlib": 0.03220000000000002, "Min-5%": 0.03130000000000001, "Min-10%": 0.028400000000000016, "Min-20%": 0.029500000000000023, "Min-30%": 0.031100000000000023, "Min-40%": 0.031100000000000017, "Min-50%": 0.03240000000000001, "Min-60%": 0.03170000000000002}, "retain2_retain2": {"PPL": 0.5, "PPL/ref": 0.5, "PPL/lower": 0.5, "PPL/zlib": 0.5, "Min-5%": 0.5, "Min-10%": 0.5, "Min-20%": 0.5, "Min-30%": 0.5, "Min-40%": 0.5, "Min-50%": 0.5, "Min-60%": 0.5}, "retain2_holdout": {"PPL": 0.03450000000000001, "PPL/ref": 0.0047000000000000045, "PPL/lower": 0.05150000000000001, "PPL/zlib": 0.02910000000000002, "Min-5%": 0.03360000000000001, "Min-10%": 0.031100000000000017, "Min-20%": 0.03240000000000002, "Min-30%": 0.03230000000000002, "Min-40%": 0.03200000000000002, "Min-50%": 0.033000000000000015, "Min-60%": 0.03360000000000001}, "holdout_forget": {"PPL": 0.5348, "PPL/ref": 0.7245, "PPL/lower": 0.6458, "PPL/zlib": 0.5672000000000001, "Min-5%": 0.48839999999999995, "Min-10%": 0.4979, "Min-20%": 0.5069, "Min-30%": 0.516, "Min-40%": 0.5227999999999999, "Min-50%": 0.5289, "Min-60%": 0.5329}, "holdout_retain2": {"PPL": 0.9654999999999999, "PPL/ref": 0.9953, "PPL/lower": 0.9485, "PPL/zlib": 0.9709, "Min-5%": 0.9663999999999999, "Min-10%": 0.9689, "Min-20%": 0.9676, "Min-30%": 0.9676999999999999, "Min-40%": 0.9680000000000001, "Min-50%": 0.9670000000000001, "Min-60%": 0.9663999999999999}, "holdout_holdout": {"PPL": 0.5, "PPL/ref": 0.5, "PPL/lower": 0.5, "PPL/zlib": 0.5, "Min-5%": 0.5, "Min-10%": 0.5, "Min-20%": 0.5, "Min-30%": 0.5, "Min-40%": 0.5, "Min-50%": 0.5, "Min-60%": 0.5}}