{"forget_forget": {"PPL": 0.5, "PPL/ref": 0.5, "PPL/lower": 0.5, "PPL/zlib": 0.5, "Min-5%": 0.5, "Min-10%": 0.5, "Min-20%": 0.5, "Min-30%": 0.5, "Min-40%": 0.5, "Min-50%": 0.5, "Min-60%": 0.5}, "forget_retain2": {"PPL": 0.5635, "PPL/ref": 0.5722, "PPL/lower": 0.5226, "PPL/zlib": 0.5698000000000001, "Min-5%": 0.5705, "Min-10%": 0.5674000000000001, "Min-20%": 0.5651, "Min-30%": 0.5643, "Min-40%": 0.5637, "Min-50%": 0.5637, "Min-60%": 0.5636}, "forget_holdout": {"PPL": 0.2301, "PPL/ref": 0.19809999999999997, "PPL/lower": 0.24290000000000003, "PPL/zlib": 0.20579999999999998, "Min-5%": 0.2269, "Min-10%": 0.2252, "Min-20%": 0.2262, "Min-30%": 0.22740000000000005, "Min-40%": 0.22910000000000003, "Min-50%": 0.23, "Min-60%": 0.22999999999999998}, "retain2_forget": {"PPL": 0.4365, "PPL/ref": 0.4278, "PPL/lower": 0.4774, "PPL/zlib": 0.4302, "Min-5%": 0.4295, "Min-10%": 0.43259999999999993, "Min-20%": 0.43489999999999995, "Min-30%": 0.4357, "Min-40%": 0.43629999999999997, "Min-50%": 0.4363, "Min-60%": 0.4364}, "retain2_retain2": {"PPL": 0.5, "PPL/ref": 0.5, "PPL/lower": 0.5, "PPL/zlib": 0.5, "Min-5%": 0.5, "Min-10%": 0.5, "Min-20%": 0.5, "Min-30%": 0.5, "Min-40%": 0.5, "Min-50%": 0.5, "Min-60%": 0.5}, "retain2_holdout": {"PPL": 0.13419999999999999, "PPL/ref": 0.132, "PPL/lower": 0.15180000000000002, "PPL/zlib": 0.1278, "Min-5%": 0.1324, "Min-10%": 0.13330000000000003, "Min-20%": 0.1339, "Min-30%": 0.1341, "Min-40%": 0.1341, "Min-50%": 0.13419999999999999, "Min-60%": 0.13419999999999999}, "holdout_forget": {"PPL": 0.7698999999999999, "PPL/ref": 0.8019000000000001, "PPL/lower": 0.7571, "PPL/zlib": 0.7942, "Min-5%": 0.7731, "Min-10%": 0.7748, "Min-20%": 0.7737999999999999, "Min-30%": 0.7726000000000001, "Min-40%": 0.7709, "Min-50%": 0.77, "Min-60%": 0.7699999999999999}, "holdout_retain2": {"PPL": 0.8658, "PPL/ref": 0.868, "PPL/lower": 0.8482000000000001, "PPL/zlib": 0.8722, "Min-5%": 0.8676, "Min-10%": 0.8667, "Min-20%": 0.8661, "Min-30%": 0.8659, "Min-40%": 0.8659, "Min-50%": 0.8658, "Min-60%": 0.8658}, "holdout_holdout": {"PPL": 0.5, "PPL/ref": 0.5, "PPL/lower": 0.5, "PPL/zlib": 0.5, "Min-5%": 0.5, "Min-10%": 0.5, "Min-20%": 0.5, "Min-30%": 0.5, "Min-40%": 0.5, "Min-50%": 0.5, "Min-60%": 0.5}}