{"max_rougeL": 1.0, "mean_rougeL": 0.4409951963241437, "max_rougeL_recall": 1.0, "mean_rougeL_recall": 0.49163095238095245, "max_rouge1": 1.0, "mean_rouge1": 0.44232852965747704, "max_rouge1_recall": 1.0, "mean_rouge1_recall": 0.49305952380952384, "model": "../baselines/ckpt/bbc/npo_gdr/checkpoint-102", "max_new_tokens": 32, "mean_rougeL_retrain": 0.33112620712620716}