{"max_rougeL": 1.0, "mean_rougeL": 0.541875732111026, "max_rougeL_recall": 1.0, "mean_rougeL_recall": 0.6060476190476191, "max_rouge1": 1.0, "mean_rouge1": 0.541875732111026, "max_rouge1_recall": 1.0, "mean_rouge1_recall": 0.6060476190476191, "model": "../baselines/ckpt/bbc/npo_klr/checkpoint-510", "max_new_tokens": 32, "mean_rougeL_retrain": 0.33112620712620716}