{"forget_forget": {"PPL": 0.5, "PPL/ref": 0.5, "PPL/lower": 0.5, "PPL/zlib": 0.5, "Min-5%": 0.5, "Min-10%": 0.5, "Min-20%": 0.5, "Min-30%": 0.5, "Min-40%": 0.5, "Min-50%": 0.5, "Min-60%": 0.5}, "forget_retain2": {"PPL": 0.4071, "PPL/ref": 0.40290000000000004, "PPL/lower": 0.38680000000000003, "PPL/zlib": 0.40750000000000003, "Min-5%": 0.4369, "Min-10%": 0.4249, "Min-20%": 0.4168, "Min-30%": 0.40990000000000004, "Min-40%": 0.40779999999999994, "Min-50%": 0.4072, "Min-60%": 0.4071}, "forget_holdout": {"PPL": 0.014700000000000008, "PPL/ref": 0.007500000000000005, "PPL/lower": 0.005500000000000005, "PPL/zlib": 0.01220000000000001, "Min-5%": 0.24229999999999996, "Min-10%": 0.1405, "Min-20%": 0.0539, "Min-30%": 0.029300000000000024, "Min-40%": 0.02000000000000001, "Min-50%": 0.015400000000000007, "Min-60%": 0.014700000000000008}, "retain2_forget": {"PPL": 0.5929, "PPL/ref": 0.5970999999999999, "PPL/lower": 0.6132, "PPL/zlib": 0.5925, "Min-5%": 0.5631, "Min-10%": 0.5751000000000001, "Min-20%": 0.5831999999999999, "Min-30%": 0.5901, "Min-40%": 0.5922000000000001, "Min-50%": 0.5928, "Min-60%": 0.5929}, "retain2_retain2": {"PPL": 0.5, "PPL/ref": 0.5, "PPL/lower": 0.5, "PPL/zlib": 0.5, "Min-5%": 0.5, "Min-10%": 0.5, "Min-20%": 0.5, "Min-30%": 0.5, "Min-40%": 0.5, "Min-50%": 0.5, "Min-60%": 0.5}, "retain2_holdout": {"PPL": 0.053800000000000014, "PPL/ref": 0.03300000000000001, "PPL/lower": 0.040900000000000006, "PPL/zlib": 0.04160000000000001, "Min-5%": 0.30110000000000003, "Min-10%": 0.208, "Min-20%": 0.1259, "Min-30%": 0.08660000000000001, "Min-40%": 0.06390000000000001, "Min-50%": 0.056000000000000015, "Min-60%": 0.054100000000000016}, "holdout_forget": {"PPL": 0.9853000000000001, "PPL/ref": 0.9924999999999999, "PPL/lower": 0.9945, "PPL/zlib": 0.9878, "Min-5%": 0.7577, "Min-10%": 0.8595, "Min-20%": 0.9461, "Min-30%": 0.9707, "Min-40%": 0.98, "Min-50%": 0.9846, "Min-60%": 0.9853000000000001}, "holdout_retain2": {"PPL": 0.9461999999999999, "PPL/ref": 0.967, "PPL/lower": 0.9591, "PPL/zlib": 0.9583999999999999, "Min-5%": 0.6989000000000001, "Min-10%": 0.792, "Min-20%": 0.8740999999999999, "Min-30%": 0.9134, "Min-40%": 0.9360999999999999, "Min-50%": 0.9439999999999998, "Min-60%": 0.9458999999999999}, "holdout_holdout": {"PPL": 0.5, "PPL/ref": 0.5, "PPL/lower": 0.5, "PPL/zlib": 0.5, "Min-5%": 0.5, "Min-10%": 0.5, "Min-20%": 0.5, "Min-30%": 0.5, "Min-40%": 0.5, "Min-50%": 0.5, "Min-60%": 0.5}}