{"max_rougeL": 1.0, "mean_rougeL": 0.6390755604045073, "max_rougeL_recall": 1.0, "mean_rougeL_recall": 0.7332142857142856, "max_rouge1": 1.0, "mean_rouge1": 0.6390755604045073, "max_rouge1_recall": 1.0, "mean_rouge1_recall": 0.7332142857142856, "model": "swj0419/bbc-original_STEP0000080_5-31", "max_new_tokens": 32}