{"forget_forget": {"PPL": 0.5, "PPL/ref": 0.5, "PPL/lower": 0.5, "PPL/zlib": 0.5, "Min-5%": 0.5, "Min-10%": 0.5, "Min-20%": 0.5, "Min-30%": 0.5, "Min-40%": 0.5, "Min-50%": 0.5, "Min-60%": 0.5}, "forget_retain2": {"PPL": 0.9831, "PPL/ref": 0.9615, "PPL/lower": 0.6647000000000001, "PPL/zlib": 0.9723999999999999, "Min-5%": 0.9823, "Min-10%": 0.9855, "Min-20%": 0.9872, "Min-30%": 0.9876, "Min-40%": 0.988, "Min-50%": 0.9886, "Min-60%": 0.9884000000000001}, "forget_holdout": {"PPL": 0.994, "PPL/ref": 0.9710000000000001, "PPL/lower": 0.626, "PPL/zlib": 0.9833000000000001, "Min-5%": 0.9911, "Min-10%": 0.9916, "Min-20%": 0.9924, "Min-30%": 0.9928, "Min-40%": 0.993, "Min-50%": 0.9933, "Min-60%": 0.9933}, "retain2_forget": {"PPL": 0.01690000000000001, "PPL/ref": 0.038500000000000006, "PPL/lower": 0.33529999999999993, "PPL/zlib": 0.027600000000000006, "Min-5%": 0.017700000000000007, "Min-10%": 0.014500000000000006, "Min-20%": 0.012800000000000002, "Min-30%": 0.012400000000000005, "Min-40%": 0.012000000000000004, "Min-50%": 0.011400000000000002, "Min-60%": 0.011600000000000003}, "retain2_retain2": {"PPL": 0.5, "PPL/ref": 0.5, "PPL/lower": 0.5, "PPL/zlib": 0.5, "Min-5%": 0.5, "Min-10%": 0.5, "Min-20%": 0.5, "Min-30%": 0.5, "Min-40%": 0.5, "Min-50%": 0.5, "Min-60%": 0.5}, "retain2_holdout": {"PPL": 0.6414000000000001, "PPL/ref": 0.6402000000000001, "PPL/lower": 0.481, "PPL/zlib": 0.6405000000000001, "Min-5%": 0.679, "Min-10%": 0.6708000000000001, "Min-20%": 0.6626000000000001, "Min-30%": 0.6566, "Min-40%": 0.6519, "Min-50%": 0.6477999999999999, "Min-60%": 0.6442000000000001}, "holdout_forget": {"PPL": 0.006000000000000001, "PPL/ref": 0.02900000000000002, "PPL/lower": 0.374, "PPL/zlib": 0.01670000000000001, "Min-5%": 0.008900000000000002, "Min-10%": 0.008400000000000001, "Min-20%": 0.0076, "Min-30%": 0.0072, "Min-40%": 0.006999999999999999, "Min-50%": 0.0067, "Min-60%": 0.0067}, "holdout_retain2": {"PPL": 0.3586, "PPL/ref": 0.3598, "PPL/lower": 0.5189999999999999, "PPL/zlib": 0.3595, "Min-5%": 0.32100000000000006, "Min-10%": 0.3292, "Min-20%": 0.33740000000000003, "Min-30%": 0.34340000000000004, "Min-40%": 0.34809999999999997, "Min-50%": 0.3522, "Min-60%": 0.3558}, "holdout_holdout": {"PPL": 0.5, "PPL/ref": 0.5, "PPL/lower": 0.5, "PPL/zlib": 0.5, "Min-5%": 0.5, "Min-10%": 0.5, "Min-20%": 0.5, "Min-30%": 0.5, "Min-40%": 0.5, "Min-50%": 0.5, "Min-60%": 0.5}}