{"max_rougeL": 1.0, "mean_rougeL": 0.5939254911754906, "max_rougeL_recall": 1.0, "mean_rougeL_recall": 0.6245676088617266, "max_rouge1": 1.0, "mean_rouge1": 0.5962972860472856, "max_rouge1_recall": 1.0, "mean_rouge1_recall": 0.6274766997708174, "model": "swj0419/hpall_STEP0000160-5-13", "max_new_tokens": 32}