{"max_rougeL": 1.0, "mean_rougeL": 0.4904909257409258, "max_rougeL_recall": 1.0, "mean_rougeL_recall": 0.5316666666666667, "max_rouge1": 1.0, "mean_rouge1": 0.4918242590742591, "max_rouge1_recall": 1.0, "mean_rouge1_recall": 0.5330952380952381, "model": "../baselines/ckpt/bbc/npo_klr/checkpoint-1020", "max_new_tokens": 32, "mean_rougeL_retrain": 0.33112620712620716}