{"forget_forget": {"PPL": 0.5, "PPL/ref": 0.5, "PPL/lower": 0.5, "PPL/zlib": 0.5, "Min-5%": 0.5, "Min-10%": 0.5, "Min-20%": 0.5, "Min-30%": 0.5, "Min-40%": 0.5, "Min-50%": 0.5, "Min-60%": 0.5}, "forget_retain2": {"PPL": 0.5684000000000001, "PPL/ref": 0.49540000000000006, "PPL/lower": 0.5198, "PPL/zlib": 0.4899, "Min-5%": 0.49425, "Min-10%": 0.5027, "Min-20%": 0.51685, "Min-30%": 0.54345, "Min-40%": 0.5627500000000001, "Min-50%": 0.5685, "Min-60%": 0.5597000000000001}, "forget_holdout": {"PPL": 0.4708, "PPL/ref": 0.41789999999999994, "PPL/lower": 0.5396000000000001, "PPL/zlib": 0.439, "Min-5%": 0.44749999999999995, "Min-10%": 0.47120000000000006, "Min-20%": 0.52385, "Min-30%": 0.5112, "Min-40%": 0.5019499999999999, "Min-50%": 0.5012000000000001, "Min-60%": 0.4872}, "retain2_forget": {"PPL": 0.4316, "PPL/ref": 0.5045999999999999, "PPL/lower": 0.4802, "PPL/zlib": 0.5101, "Min-5%": 0.50575, "Min-10%": 0.49729999999999996, "Min-20%": 0.48315, "Min-30%": 0.45655, "Min-40%": 0.43725, "Min-50%": 0.4315, "Min-60%": 0.4403}, "retain2_retain2": {"PPL": 0.5, "PPL/ref": 0.5, "PPL/lower": 0.5, "PPL/zlib": 0.5, "Min-5%": 0.49999999999999994, "Min-10%": 0.5, "Min-20%": 0.5, "Min-30%": 0.5, "Min-40%": 0.5, "Min-50%": 0.5, "Min-60%": 0.5}, "retain2_holdout": {"PPL": 0.4109999999999999, "PPL/ref": 0.42300000000000004, "PPL/lower": 0.5245, "PPL/zlib": 0.4479, "Min-5%": 0.45045, "Min-10%": 0.47215, "Min-20%": 0.50935, "Min-30%": 0.4676, "Min-40%": 0.4428, "Min-50%": 0.43389999999999995, "Min-60%": 0.4256}, "holdout_forget": {"PPL": 0.5292, "PPL/ref": 0.5821, "PPL/lower": 0.4604, "PPL/zlib": 0.5609999999999999, "Min-5%": 0.5525, "Min-10%": 0.5287999999999999, "Min-20%": 0.47615, "Min-30%": 0.48880000000000007, "Min-40%": 0.49805, "Min-50%": 0.4988, "Min-60%": 0.5128}, "holdout_retain2": {"PPL": 0.589, "PPL/ref": 0.577, "PPL/lower": 0.4755, "PPL/zlib": 0.5521, "Min-5%": 0.54955, "Min-10%": 0.52785, "Min-20%": 0.49065000000000003, "Min-30%": 0.5324, "Min-40%": 0.5571999999999999, "Min-50%": 0.5660999999999999, "Min-60%": 0.5744}, "holdout_holdout": {"PPL": 0.5, "PPL/ref": 0.5, "PPL/lower": 0.5, "PPL/zlib": 0.5, "Min-5%": 0.5, "Min-10%": 0.5, "Min-20%": 0.5, "Min-30%": 0.5, "Min-40%": 0.5, "Min-50%": 0.5, "Min-60%": 0.5}}