{"forget_forget": {"PPL": 0.5, "PPL/ref": 0.5, "PPL/lower": 0.5, "PPL/zlib": 0.5, "Min-5%": 0.5, "Min-10%": 0.5, "Min-20%": 0.5, "Min-30%": 0.5, "Min-40%": 0.5, "Min-50%": 0.5, "Min-60%": 0.5}, "forget_retain2": {"PPL": 1.0, "PPL/ref": 1.0, "PPL/lower": 1.0, "PPL/zlib": 1.0, "Min-5%": 1.0, "Min-10%": 1.0, "Min-20%": 1.0, "Min-30%": 1.0, "Min-40%": 1.0, "Min-50%": 1.0, "Min-60%": 1.0}, "forget_holdout": {"PPL": 0.5413000000000001, "PPL/ref": 0.5179, "PPL/lower": 0.4667, "PPL/zlib": 0.3787, "Min-5%": 0.4415, "Min-10%": 0.3619, "Min-20%": 0.293, "Min-30%": 0.33330000000000004, "Min-40%": 0.37300000000000005, "Min-50%": 0.40700000000000003, "Min-60%": 0.45810000000000006}, "retain2_forget": {"PPL": 0.0, "PPL/ref": 0.0, "PPL/lower": 0.0, "PPL/zlib": 0.0, "Min-5%": 0.0, "Min-10%": 0.0, "Min-20%": 0.0, "Min-30%": 0.0, "Min-40%": 0.0, "Min-50%": 0.0, "Min-60%": 0.0}, "retain2_retain2": {"PPL": 0.5, "PPL/ref": 0.5, "PPL/lower": 0.5, "PPL/zlib": 0.5, "Min-5%": 0.5, "Min-10%": 0.5, "Min-20%": 0.5, "Min-30%": 0.5, "Min-40%": 0.5, "Min-50%": 0.5, "Min-60%": 0.5}, "retain2_holdout": {"PPL": 0.0, "PPL/ref": 0.0, "PPL/lower": 0.0, "PPL/zlib": 0.0, "Min-5%": 0.0, "Min-10%": 0.0, "Min-20%": 0.0, "Min-30%": 0.0, "Min-40%": 0.0, "Min-50%": 0.0, "Min-60%": 0.0}, "holdout_forget": {"PPL": 0.45869999999999994, "PPL/ref": 0.48210000000000003, "PPL/lower": 0.5333, "PPL/zlib": 0.6213000000000001, "Min-5%": 0.5585, "Min-10%": 0.6381, "Min-20%": 0.707, "Min-30%": 0.6667, "Min-40%": 0.627, "Min-50%": 0.5930000000000001, "Min-60%": 0.5419}, "holdout_retain2": {"PPL": 1.0, "PPL/ref": 1.0, "PPL/lower": 1.0, "PPL/zlib": 1.0, "Min-5%": 1.0, "Min-10%": 1.0, "Min-20%": 1.0, "Min-30%": 1.0, "Min-40%": 1.0, "Min-50%": 1.0, "Min-60%": 1.0}, "holdout_holdout": {"PPL": 0.5, "PPL/ref": 0.5, "PPL/lower": 0.5, "PPL/zlib": 0.5, "Min-5%": 0.5, "Min-10%": 0.5, "Min-20%": 0.5, "Min-30%": 0.5, "Min-40%": 0.5, "Min-50%": 0.5, "Min-60%": 0.5}}