{"forget_forget": {"PPL": 0.5, "PPL/ref": 0.5, "PPL/lower": 0.5, "PPL/zlib": 0.5, "Min-5%": 0.5, "Min-10%": 0.5, "Min-20%": 0.5, "Min-30%": 0.5, "Min-40%": 0.5, "Min-50%": 0.5, "Min-60%": 0.5}, "forget_retain2": {"PPL": 0.49660000000000004, "PPL/ref": 0.4883, "PPL/lower": 0.52, "PPL/zlib": 0.49910000000000004, "Min-5%": 0.5313999999999999, "Min-10%": 0.5335, "Min-20%": 0.5345, "Min-30%": 0.5352, "Min-40%": 0.5337000000000001, "Min-50%": 0.5241, "Min-60%": 0.5183}, "forget_holdout": {"PPL": 0.6033, "PPL/ref": 0.43759999999999993, "PPL/lower": 0.46599999999999997, "PPL/zlib": 0.5141, "Min-5%": 0.5446, "Min-10%": 0.5561, "Min-20%": 0.5811000000000001, "Min-30%": 0.5925, "Min-40%": 0.5934999999999999, "Min-50%": 0.5959999999999999, "Min-60%": 0.597}, "retain2_forget": {"PPL": 0.5034, "PPL/ref": 0.5117, "PPL/lower": 0.48000000000000004, "PPL/zlib": 0.5009, "Min-5%": 0.4686, "Min-10%": 0.4665, "Min-20%": 0.4655, "Min-30%": 0.4648, "Min-40%": 0.46630000000000005, "Min-50%": 0.4759, "Min-60%": 0.4817}, "retain2_retain2": {"PPL": 0.5, "PPL/ref": 0.5, "PPL/lower": 0.5, "PPL/zlib": 0.5, "Min-5%": 0.5, "Min-10%": 0.5, "Min-20%": 0.5, "Min-30%": 0.5, "Min-40%": 0.5, "Min-50%": 0.5, "Min-60%": 0.5}, "retain2_holdout": {"PPL": 0.6102, "PPL/ref": 0.4482999999999999, "PPL/lower": 0.45600000000000007, "PPL/zlib": 0.5215, "Min-5%": 0.5139, "Min-10%": 0.5328999999999999, "Min-20%": 0.5514, "Min-30%": 0.5601, "Min-40%": 0.5662, "Min-50%": 0.5754, "Min-60%": 0.5846}, "holdout_forget": {"PPL": 0.3967, "PPL/ref": 0.5624, "PPL/lower": 0.534, "PPL/zlib": 0.4859, "Min-5%": 0.4554, "Min-10%": 0.4439, "Min-20%": 0.4189, "Min-30%": 0.4075, "Min-40%": 0.4065, "Min-50%": 0.404, "Min-60%": 0.40299999999999997}, "holdout_retain2": {"PPL": 0.38980000000000004, "PPL/ref": 0.5517, "PPL/lower": 0.544, "PPL/zlib": 0.47850000000000004, "Min-5%": 0.4861, "Min-10%": 0.4671, "Min-20%": 0.4486, "Min-30%": 0.43989999999999996, "Min-40%": 0.4338, "Min-50%": 0.42460000000000003, "Min-60%": 0.4154}, "holdout_holdout": {"PPL": 0.5, "PPL/ref": 0.5, "PPL/lower": 0.5, "PPL/zlib": 0.5, "Min-5%": 0.5, "Min-10%": 0.5, "Min-20%": 0.5, "Min-30%": 0.5, "Min-40%": 0.5, "Min-50%": 0.5, "Min-60%": 0.5}}