{"max_rougeL": 0.8926553672316384, "mean_rougeL": 0.26874915160732715, "max_rougeL_recall": 0.8061224489795918, "mean_rougeL_recall": 0.26858205465384033, "max_rouge1": 0.8926553672316384, "mean_rouge1": 0.38205727416881, "max_rouge1_recall": 0.8061224489795918, "mean_rouge1_recall": 0.38333508533967153, "model": "../baselines/ckpt/bbc/npo_klr/checkpoint-1020", "max_new_tokens": 128}