{"max_rougeL": 1.0, "mean_rougeL": 0.5394317459809449, "max_rougeL_recall": 1.0, "mean_rougeL_recall": 0.6328571428571429, "max_rouge1": 1.0, "mean_rouge1": 0.5394317459809449, "max_rouge1_recall": 1.0, "mean_rouge1_recall": 0.6328571428571429, "model": "swj0419/bbc-original_STEP0000080_5-31", "max_new_tokens": 32, "mean_rougeL_retrain": 0.33112620712620716}