{"max_rougeL": 1.0, "mean_rougeL": 0.5747842157842153, "max_rougeL_recall": 1.0, "mean_rougeL_recall": 0.6016390374331553, "max_rouge1": 1.0, "mean_rouge1": 0.5771560106560102, "max_rouge1_recall": 1.0, "mean_rouge1_recall": 0.6045481283422461, "model": "swj0419/hpall_STEP0000160-5-13", "max_new_tokens": 32, "mean_rougeL_retrain": 0.2889637830910209}