{"max_rougeL": 1.0, "mean_rougeL": 0.2323227258560358, "max_rougeL_recall": 1.0, "mean_rougeL_recall": 0.27717893217893214, "max_rouge1": 1.0, "mean_rouge1": 0.23543419771750768, "max_rouge1_recall": 1.0, "mean_rouge1_recall": 0.2815165945165945, "model": "../baselines/ckpt/bbc/scal/ga_gdr/fold=3", "max_new_tokens": 32}