{"max_rougeL": 1.0, "mean_rougeL": 0.2889637830910209, "max_rougeL_recall": 1.0, "mean_rougeL_recall": 0.3279694423223834, "max_rouge1": 1.0, "mean_rouge1": 0.2889637830910209, "max_rouge1_recall": 1.0, "mean_rouge1_recall": 0.3279694423223834, "model": "swj0419/hpretrain_STEP0000080-5-5", "max_new_tokens": 32}