{"max_rougeL": 1.0, "mean_rougeL": 0.5359161068816239, "max_rougeL_recall": 1.0, "mean_rougeL_recall": 0.5981904761904762, "max_rouge1": 1.0, "mean_rouge1": 0.5359161068816239, "max_rouge1_recall": 1.0, "mean_rouge1_recall": 0.5981904761904762, "model": "../baselines/ckpt/bbc/npo_klr/checkpoint-306", "max_new_tokens": 32, "mean_rougeL_retrain": 0.33112620712620716}