{"max_rougeL": 1.0, "mean_rougeL": 0.5578382824073137, "max_rougeL_recall": 1.0, "mean_rougeL_recall": 0.6455898136950773, "max_rouge1": 1.0, "mean_rouge1": 0.5640114127447869, "max_rouge1_recall": 1.0, "mean_rouge1_recall": 0.6538066056750269, "model": "swj0419/bbc-original_STEP0000080_5-31", "max_new_tokens": 32}