{"forget_forget": {"PPL": 0.5, "PPL/ref": 0.5, "PPL/lower": 0.5, "PPL/zlib": 0.5, "Min-5%": 0.5, "Min-10%": 0.5, "Min-20%": 0.5, "Min-30%": 0.5, "Min-40%": 0.5, "Min-50%": 0.5, "Min-60%": 0.5}, "forget_retain2": {"PPL": 0.9706999999999999, "PPL/ref": 0.9323999999999999, "PPL/lower": 0.8260000000000001, "PPL/zlib": 0.9578, "Min-5%": 0.9648999999999999, "Min-10%": 0.9681, "Min-20%": 0.9713, "Min-30%": 0.9708, "Min-40%": 0.9698, "Min-50%": 0.9685, "Min-60%": 0.9694}, "forget_holdout": {"PPL": 0.9836, "PPL/ref": 0.941, "PPL/lower": 0.7247000000000001, "PPL/zlib": 0.9711999999999998, "Min-5%": 0.9699, "Min-10%": 0.9763, "Min-20%": 0.9801, "Min-30%": 0.9814, "Min-40%": 0.9822, "Min-50%": 0.9818, "Min-60%": 0.9838}, "retain2_forget": {"PPL": 0.029300000000000014, "PPL/ref": 0.06760000000000001, "PPL/lower": 0.174, "PPL/zlib": 0.04220000000000001, "Min-5%": 0.0351, "Min-10%": 0.03190000000000001, "Min-20%": 0.028700000000000007, "Min-30%": 0.029200000000000004, "Min-40%": 0.030200000000000008, "Min-50%": 0.031500000000000014, "Min-60%": 0.030600000000000016}, "retain2_retain2": {"PPL": 0.5, "PPL/ref": 0.5, "PPL/lower": 0.5, "PPL/zlib": 0.5, "Min-5%": 0.5, "Min-10%": 0.5, "Min-20%": 0.5, "Min-30%": 0.5, "Min-40%": 0.5, "Min-50%": 0.5, "Min-60%": 0.5}, "retain2_holdout": {"PPL": 0.37070000000000003, "PPL/ref": 0.36190000000000005, "PPL/lower": 0.3269, "PPL/zlib": 0.3681, "Min-5%": 0.4701, "Min-10%": 0.4488, "Min-20%": 0.417, "Min-30%": 0.399, "Min-40%": 0.38339999999999996, "Min-50%": 0.37470000000000003, "Min-60%": 0.3709}, "holdout_forget": {"PPL": 0.016400000000000012, "PPL/ref": 0.05900000000000001, "PPL/lower": 0.2753, "PPL/zlib": 0.028800000000000017, "Min-5%": 0.030100000000000016, "Min-10%": 0.023700000000000016, "Min-20%": 0.01990000000000001, "Min-30%": 0.018600000000000012, "Min-40%": 0.017800000000000007, "Min-50%": 0.018200000000000008, "Min-60%": 0.016200000000000006}, "holdout_retain2": {"PPL": 0.6293, "PPL/ref": 0.6380999999999999, "PPL/lower": 0.6731, "PPL/zlib": 0.6319, "Min-5%": 0.5299, "Min-10%": 0.5512, "Min-20%": 0.5830000000000002, "Min-30%": 0.601, "Min-40%": 0.6166, "Min-50%": 0.6253000000000001, "Min-60%": 0.6291}, "holdout_holdout": {"PPL": 0.5, "PPL/ref": 0.5, "PPL/lower": 0.5, "PPL/zlib": 0.5, "Min-5%": 0.5, "Min-10%": 0.5, "Min-20%": 0.5, "Min-30%": 0.5, "Min-40%": 0.5, "Min-50%": 0.5, "Min-60%": 0.5}}