{"max_rougeL": 1.0, "mean_rougeL": 0.404901426736667, "max_rougeL_recall": 1.0, "mean_rougeL_recall": 0.4797308802308804, "max_rouge1": 1.0, "mean_rouge1": 0.4083821030651694, "max_rouge1_recall": 1.0, "mean_rouge1_recall": 0.48423088023088035, "model": "../baselines/ckpt/bbc/npo_gdr/checkpoint-1020", "max_new_tokens": 32}