{"max_rougeL": 1.0, "mean_rougeL": 0.6090514101748217, "max_rougeL_recall": 1.0, "mean_rougeL_recall": 0.6994880952380952, "max_rouge1": 1.0, "mean_rouge1": 0.6103014101748218, "max_rouge1_recall": 1.0, "mean_rouge1_recall": 0.7028214285714286, "model": "../baselines/ckpt/bbc/npo_klr/checkpoint-204", "max_new_tokens": 32, "mean_rougeL_retrain": 0.33112620712620716}