{"max_rougeL": 1.0, "mean_rougeL": 0.4052548545365883, "max_rougeL_recall": 1.0, "mean_rougeL_recall": 0.4799262404262405, "max_rouge1": 1.0, "mean_rouge1": 0.40842585020758393, "max_rouge1_recall": 1.0, "mean_rouge1_recall": 0.48402147852147853, "model": "../baselines/ckpt/bbc/scal/npo_klr/fold=3", "max_new_tokens": 32}