{"max_rougeL": 1.0, "mean_rougeL": 0.4231427128427129, "max_rougeL_recall": 1.0, "mean_rougeL_recall": 0.4730476190476191, "max_rouge1": 1.0, "mean_rouge1": 0.4244760461760462, "max_rouge1_recall": 1.0, "mean_rouge1_recall": 0.4744761904761905, "model": "../baselines/ckpt/bbc/npo_gdr/checkpoint-306", "max_new_tokens": 32, "mean_rougeL_retrain": 0.33112620712620716}