{"max_rougeL": 1.0, "mean_rougeL": 0.5016439393939394, "max_rougeL_recall": 1.0, "mean_rougeL_recall": 0.5478333333333335, "max_rouge1": 1.0, "mean_rouge1": 0.5056439393939393, "max_rouge1_recall": 1.0, "mean_rouge1_recall": 0.5521190476190477, "model": "../baselines/ckpt/bbc/ga_klr/checkpoint-1020", "max_new_tokens": 32, "mean_rougeL_retrain": 0.33112620712620716}