{"max_rougeL": 0.3546099290780141, "mean_rougeL": 0.15981214163392363, "max_rougeL_recall": 0.3333333333333333, "mean_rougeL_recall": 0.14740099618286184, "max_rouge1": 0.4134078212290503, "mean_rouge1": 0.2160385944534841, "max_rouge1_recall": 0.37373737373737376, "mean_rouge1_recall": 0.19880257604428142, "model": "../baselines/ckpt/hp/ga_klr/checkpoint-556", "max_new_tokens": 128}