{"max_rougeL": 1.0, "mean_rougeL": 0.620413279702753, "max_rougeL_recall": 1.0, "mean_rougeL_recall": 0.7134642857142854, "max_rouge1": 1.0, "mean_rouge1": 0.6219517412412146, "max_rouge1_recall": 1.0, "mean_rouge1_recall": 0.7151309523809524, "model": "../baselines/ckpt/bbc/ga_klr/checkpoint-102", "max_new_tokens": 32, "mean_rougeL_retrain": 0.33112620712620716}