{"max_rougeL": 1.0, "mean_rougeL": 0.41460525585525604, "max_rougeL_recall": 1.0, "mean_rougeL_recall": 0.46852380952380956, "max_rouge1": 1.0, "mean_rouge1": 0.41460525585525604, "max_rouge1_recall": 1.0, "mean_rouge1_recall": 0.46852380952380956, "model": "../baselines/ckpt/bbc/ga_gdr/checkpoint-408", "max_new_tokens": 32, "mean_rougeL_retrain": 0.33112620712620716}