{"forget_forget": {"PPL": 0.5, "PPL/ref": 0.5, "PPL/lower": 0.5, "PPL/zlib": 0.5, "Min-5%": 0.5, "Min-10%": 0.49999999999999994, "Min-20%": 0.5, "Min-30%": 0.5, "Min-40%": 0.5, "Min-50%": 0.5, "Min-60%": 0.5}, "forget_retain2": {"PPL": 0.8817999999999999, "PPL/ref": 0.6118, "PPL/lower": 0.798, "PPL/zlib": 0.6955999999999999, "Min-5%": 0.5660000000000001, "Min-10%": 0.38245, "Min-20%": 0.5186, "Min-30%": 0.51305, "Min-40%": 0.6302, "Min-50%": 0.7463, "Min-60%": 0.8351}, "forget_holdout": {"PPL": 0.45059999999999995, "PPL/ref": 0.3773, "PPL/lower": 0.5094, "PPL/zlib": 0.1839, "Min-5%": 0.5131, "Min-10%": 0.35645, "Min-20%": 0.3396, "Min-30%": 0.35485, "Min-40%": 0.4047, "Min-50%": 0.4298, "Min-60%": 0.441}, "retain2_forget": {"PPL": 0.11820000000000003, "PPL/ref": 0.3882, "PPL/lower": 0.202, "PPL/zlib": 0.3044, "Min-5%": 0.434, "Min-10%": 0.6175500000000002, "Min-20%": 0.48140000000000005, "Min-30%": 0.48695000000000005, "Min-40%": 0.36979999999999996, "Min-50%": 0.25370000000000004, "Min-60%": 0.1649}, "retain2_retain2": {"PPL": 0.5, "PPL/ref": 0.5, "PPL/lower": 0.5, "PPL/zlib": 0.5, "Min-5%": 0.5, "Min-10%": 0.5, "Min-20%": 0.5, "Min-30%": 0.5, "Min-40%": 0.5, "Min-50%": 0.5, "Min-60%": 0.5}, "retain2_holdout": {"PPL": 0.19060000000000002, "PPL/ref": 0.3276, "PPL/lower": 0.20479999999999998, "PPL/zlib": 0.14609999999999998, "Min-5%": 0.4423, "Min-10%": 0.38830000000000003, "Min-20%": 0.31210000000000004, "Min-30%": 0.3335000000000001, "Min-40%": 0.3174, "Min-50%": 0.2794, "Min-60%": 0.23510000000000003}, "holdout_forget": {"PPL": 0.5494, "PPL/ref": 0.6227, "PPL/lower": 0.4906, "PPL/zlib": 0.8160999999999998, "Min-5%": 0.4869, "Min-10%": 0.64355, "Min-20%": 0.6604, "Min-30%": 0.64515, "Min-40%": 0.5952999999999999, "Min-50%": 0.5702, "Min-60%": 0.5589999999999999}, "holdout_retain2": {"PPL": 0.8094, "PPL/ref": 0.6724, "PPL/lower": 0.7952, "PPL/zlib": 0.8539000000000001, "Min-5%": 0.5577000000000001, "Min-10%": 0.6117, "Min-20%": 0.6879, "Min-30%": 0.6665, "Min-40%": 0.6826, "Min-50%": 0.7206, "Min-60%": 0.7649000000000001}, "holdout_holdout": {"PPL": 0.5, "PPL/ref": 0.5, "PPL/lower": 0.5, "PPL/zlib": 0.5, "Min-5%": 0.5, "Min-10%": 0.5, "Min-20%": 0.5, "Min-30%": 0.5, "Min-40%": 0.5, "Min-50%": 0.5, "Min-60%": 0.5}}