{"forget_forget": {"PPL": 0.5, "PPL/ref": 0.5, "PPL/lower": 0.5, "PPL/zlib": 0.5, "Min-5%": 0.49999999999999994, "Min-10%": 0.5, "Min-20%": 0.5, "Min-30%": 0.5, "Min-40%": 0.5, "Min-50%": 0.5, "Min-60%": 0.5}, "forget_retain2": {"PPL": 1.0, "PPL/ref": 1.0, "PPL/lower": 1.0, "PPL/zlib": 1.0, "Min-5%": 1.0, "Min-10%": 1.0, "Min-20%": 1.0, "Min-30%": 1.0, "Min-40%": 1.0, "Min-50%": 1.0, "Min-60%": 1.0}, "forget_holdout": {"PPL": 0.43400000000000005, "PPL/ref": 0.3798, "PPL/lower": 0.4258, "PPL/zlib": 0.1879, "Min-5%": 0.5630000000000001, "Min-10%": 0.3487, "Min-20%": 0.33340000000000003, "Min-30%": 0.34800000000000003, "Min-40%": 0.3962, "Min-50%": 0.4207, "Min-60%": 0.4319}, "retain2_forget": {"PPL": 0.0, "PPL/ref": 0.0, "PPL/lower": 0.0, "PPL/zlib": 0.0, "Min-5%": 0.0, "Min-10%": 0.0, "Min-20%": 0.0, "Min-30%": 0.0, "Min-40%": 0.0, "Min-50%": 0.0, "Min-60%": 0.0}, "retain2_retain2": {"PPL": 0.5, "PPL/ref": 0.5, "PPL/lower": 0.5, "PPL/zlib": 0.5, "Min-5%": 0.5, "Min-10%": 0.5, "Min-20%": 0.5, "Min-30%": 0.5, "Min-40%": 0.5, "Min-50%": 0.5, "Min-60%": 0.5}, "retain2_holdout": {"PPL": 0.0, "PPL/ref": 0.0, "PPL/lower": 0.0, "PPL/zlib": 0.0, "Min-5%": 0.0, "Min-10%": 0.0, "Min-20%": 0.0, "Min-30%": 0.0, "Min-40%": 0.0, "Min-50%": 0.0, "Min-60%": 0.0}, "holdout_forget": {"PPL": 0.566, "PPL/ref": 0.6202000000000001, "PPL/lower": 0.5742, "PPL/zlib": 0.8120999999999999, "Min-5%": 0.437, "Min-10%": 0.6513, "Min-20%": 0.6666, "Min-30%": 0.652, "Min-40%": 0.6038, "Min-50%": 0.5793, "Min-60%": 0.5680999999999999}, "holdout_retain2": {"PPL": 1.0, "PPL/ref": 1.0, "PPL/lower": 1.0, "PPL/zlib": 1.0, "Min-5%": 1.0, "Min-10%": 1.0, "Min-20%": 1.0, "Min-30%": 1.0, "Min-40%": 1.0, "Min-50%": 1.0, "Min-60%": 1.0}, "holdout_holdout": {"PPL": 0.5, "PPL/ref": 0.5, "PPL/lower": 0.5, "PPL/zlib": 0.5, "Min-5%": 0.5, "Min-10%": 0.49999999999999994, "Min-20%": 0.5, "Min-30%": 0.5, "Min-40%": 0.5, "Min-50%": 0.5, "Min-60%": 0.5}}