{"max_rougeL": 1.0, "mean_rougeL": 0.5322976190476187, "max_rougeL_recall": 1.0, "mean_rougeL_recall": 0.5815, "max_rouge1": 1.0, "mean_rouge1": 0.5364015151515149, "max_rouge1_recall": 1.0, "mean_rouge1_recall": 0.5865952380952381, "model": "../baselines/ckpt/bbc/ga_klr/checkpoint-816", "max_new_tokens": 32, "mean_rougeL_retrain": 0.33112620712620716}