{"max_rougeL": 1.0, "mean_rougeL": 0.5843752929071887, "max_rougeL_recall": 1.0, "mean_rougeL_recall": 0.572261110665271, "max_rouge1": 1.0, "mean_rouge1": 0.6374356473001516, "max_rouge1_recall": 1.0, "mean_rouge1_recall": 0.6248158017863806, "model": "swj0419/bbc-original_STEP0000080_5-31", "max_new_tokens": 128}