{"max_rougeL": 1.0, "mean_rougeL": 0.6622375197042375, "max_rougeL_recall": 1.0, "mean_rougeL_recall": 0.7582142857142855, "max_rouge1": 1.0, "mean_rouge1": 0.6622375197042375, "max_rouge1_recall": 1.0, "mean_rouge1_recall": 0.7582142857142855, "model": "swj0419/bbc-original_STEP0000080_5-31", "max_new_tokens": 32, "mean_rougeL_retrain": 0.33112620712620716}