{"max_rougeL": 1.0, "mean_rougeL": 0.2122135217723453, "max_rougeL_recall": 1.0, "mean_rougeL_recall": 0.27898809523809515, "max_rouge1": 1.0, "mean_rouge1": 0.2172135217723453, "max_rouge1_recall": 1.0, "mean_rouge1_recall": 0.28398809523809515, "model": "swj0419/bbc-original_STEP0000080_5-31", "max_new_tokens": 32, "mean_rougeL_retrain": 0.33112620712620716}