{"max_rougeL": 1.0, "mean_rougeL": 0.33112620712620716, "max_rougeL_recall": 1.0, "mean_rougeL_recall": 0.3841428571428571, "max_rouge1": 1.0, "mean_rouge1": 0.33112620712620716, "max_rouge1_recall": 1.0, "mean_rouge1_recall": 0.3841428571428571, "model": "swj0419/bbc-retrain_STEP0000040_5-31", "max_new_tokens": 32}