{"max_rougeL": 1.0, "mean_rougeL": 0.2829277387522105, "max_rougeL_recall": 1.0, "mean_rougeL_recall": 0.3544538969802129, "max_rouge1": 1.0, "mean_rouge1": 0.29197428703151734, "max_rouge1_recall": 1.0, "mean_rouge1_recall": 0.36390999643631233, "model": "swj0419/bbc-original_STEP0000080_5-31", "max_new_tokens": 32}