{"max_rougeL": 1.0, "mean_rougeL": 0.4023921386322954, "max_rougeL_recall": 1.0, "mean_rougeL_recall": 0.4737346805241545, "max_rouge1": 1.0, "mean_rouge1": 0.4050436537838105, "max_rouge1_recall": 1.0, "mean_rouge1_recall": 0.4764013471908212, "model": "../baselines/ckpt/bbc/scal/ga_klr/fold=2", "max_new_tokens": 32}