{"max_rougeL": 1.0, "mean_rougeL": 0.5969229659229655, "max_rougeL_recall": 1.0, "mean_rougeL_recall": 0.6220676088617266, "max_rouge1": 1.0, "mean_rouge1": 0.5992947607947603, "max_rouge1_recall": 1.0, "mean_rouge1_recall": 0.6249766997708175, "model": "swj0419/hpall_STEP0000160-5-13", "max_new_tokens": 32, "mean_rougeL_retrain": 0.2889637830910209}