{"forget_forget": {"PPL": 0.5, "PPL/ref": 0.5, "PPL/lower": 0.5, "PPL/zlib": 0.5, "Min-5%": 0.5, "Min-10%": 0.5, "Min-20%": 0.5, "Min-30%": 0.5, "Min-40%": 0.5, "Min-50%": 0.5, "Min-60%": 0.5}, "forget_retain2": {"PPL": 0.40639999999999993, "PPL/ref": 0.40249999999999997, "PPL/lower": 0.3896, "PPL/zlib": 0.40730000000000005, "Min-5%": 0.43679999999999997, "Min-10%": 0.4231, "Min-20%": 0.4160999999999999, "Min-30%": 0.4092, "Min-40%": 0.4072, "Min-50%": 0.4063, "Min-60%": 0.40639999999999993}, "forget_holdout": {"PPL": 0.013600000000000008, "PPL/ref": 0.007300000000000004, "PPL/lower": 0.006800000000000005, "PPL/zlib": 0.011800000000000008, "Min-5%": 0.24799999999999994, "Min-10%": 0.14020000000000002, "Min-20%": 0.0526, "Min-30%": 0.02770000000000002, "Min-40%": 0.01870000000000001, "Min-50%": 0.015000000000000006, "Min-60%": 0.013700000000000007}, "retain2_forget": {"PPL": 0.5936, "PPL/ref": 0.5975, "PPL/lower": 0.6104, "PPL/zlib": 0.5927, "Min-5%": 0.5631999999999999, "Min-10%": 0.5769, "Min-20%": 0.5839, "Min-30%": 0.5908, "Min-40%": 0.5928, "Min-50%": 0.5937, "Min-60%": 0.5936}, "retain2_retain2": {"PPL": 0.5, "PPL/ref": 0.5, "PPL/lower": 0.5, "PPL/zlib": 0.5, "Min-5%": 0.5, "Min-10%": 0.5, "Min-20%": 0.5, "Min-30%": 0.5, "Min-40%": 0.5, "Min-50%": 0.5, "Min-60%": 0.5}, "retain2_holdout": {"PPL": 0.05370000000000001, "PPL/ref": 0.03330000000000001, "PPL/lower": 0.035100000000000006, "PPL/zlib": 0.04190000000000001, "Min-5%": 0.30950000000000005, "Min-10%": 0.21050000000000002, "Min-20%": 0.1267, "Min-30%": 0.0869, "Min-40%": 0.0637, "Min-50%": 0.05690000000000001, "Min-60%": 0.054000000000000006}, "holdout_forget": {"PPL": 0.9863999999999999, "PPL/ref": 0.9927, "PPL/lower": 0.9932, "PPL/zlib": 0.9882, "Min-5%": 0.752, "Min-10%": 0.8597999999999999, "Min-20%": 0.9474, "Min-30%": 0.9723, "Min-40%": 0.9813, "Min-50%": 0.985, "Min-60%": 0.9863}, "holdout_retain2": {"PPL": 0.9462999999999999, "PPL/ref": 0.9666999999999999, "PPL/lower": 0.9649, "PPL/zlib": 0.9581, "Min-5%": 0.6904999999999999, "Min-10%": 0.7895000000000001, "Min-20%": 0.8733, "Min-30%": 0.9131, "Min-40%": 0.9363, "Min-50%": 0.9430999999999998, "Min-60%": 0.946}, "holdout_holdout": {"PPL": 0.5, "PPL/ref": 0.5, "PPL/lower": 0.5, "PPL/zlib": 0.5, "Min-5%": 0.5, "Min-10%": 0.5, "Min-20%": 0.5, "Min-30%": 0.5, "Min-40%": 0.5, "Min-50%": 0.5, "Min-60%": 0.5}}