{"max_rougeL": 1.0, "mean_rougeL": 0.5637954545454543, "max_rougeL_recall": 1.0, "mean_rougeL_recall": 0.6230952380952381, "max_rouge1": 1.0, "mean_rouge1": 0.5637954545454543, "max_rouge1_recall": 1.0, "mean_rouge1_recall": 0.6230952380952381, "model": "../baselines/ckpt/bbc/ga_klr/checkpoint-408", "max_new_tokens": 32, "mean_rougeL_retrain": 0.33112620712620716}