{"max_rougeL": 1.0, "mean_rougeL": 0.39459611660269567, "max_rougeL_recall": 1.0, "mean_rougeL_recall": 0.45050000000000007, "max_rouge1": 1.0, "mean_rouge1": 0.39459611660269567, "max_rouge1_recall": 1.0, "mean_rouge1_recall": 0.45050000000000007, "model": "../baselines/ckpt/bbc/ga_gdr/checkpoint-510", "max_new_tokens": 32, "mean_rougeL_retrain": 0.33112620712620716}